time,ax,ay,az,yaw,distance
0.0,0.9208,2.01992,9.3312,196.9097,0.0054065969876377976
0.043,0.5018,0.81512,9.567,196.9644,0.015979515630849126
0.086,0.6934,1.61096,9.8567,197.0134,0.03165728570337348
0.129,-0.129,0.38512,10.5558,197.0761,0.05212199343119602
0.172,-0.0692,0.86496,9.7023,197.1323,0.07717934706577669
0.215,0.4707,2.20952,9.166,197.1727,0.10692700495689948
0.258,0.0505,0.96072,10.0925,197.2239,0.14120561945458282
0.301,0.3774,0.87928,10.2577,197.2766,0.1798717054960561
0.344,0.4683,0.73952,9.658,197.3238,0.222773935746471
0.387,-0.129,0.9416,9.1253,197.362,0.2697884756863875
0.43,0.0649,1.12064,9.5562,197.3954,0.3208461808887906
0.473,0.6072,0.84008,9.9046,197.4192,0.37585515916576256
0.516,0.2636,0.54128,10.6013,197.4353,0.43466323175663246
0.559,0.1044,0.53168,10.3535,197.4396,0.4971255943901134
0.602,0.3654,0.46752,9.4509,197.437,0.5631101706407649
0.645,0.3343,0.48664,9.4928,197.4223,0.6325002080368819
0.688,0.3534,1.4252,9.3802,197.3851,0.705365310822705
0.731,0.2469,0.93872,10.3571,197.3407,0.7816742343445457
0.774,-0.044,0.47616,11.2992,197.2947,0.8613029300602322
0.817,0.023,0.7108,10.7964,197.2466,0.9441862714474495
0.86,0.3953,0.79024,8.8403,197.1867,1.030293631265958
0.903,0.442,0.46176,8.8954,197.1207,1.1195377006500624
0.946,0.1858,0.37848,10.1871,197.0523,1.2118155184954844
0.989,0.4204,0.53648,8.6177,196.9809,1.307071608161578
1.032,0.0912,0.8764,9.0822,196.8966,1.4053084515542185
1.075,-0.2416,-0.35128,11.0478,196.8235,1.5062893142454206
1.118,-0.2044,-0.18464,10.6755,196.7459,1.6098339290717196
1.161,-0.548,-0.95272,10.9365,196.759,1.7156266890110035
1.204,-1.0628,-1.78592,10.9221,196.6797,1.8232132450424199
1.247,-0.542,-0.89432,8.316,196.6134,1.9323683617127965
1.29,-0.7407,-1.3128,8.6512,196.5489,2.0428062811446237
1.333,-0.7671,-1.62024,9.5598,196.4949,2.1542129070057165
1.376,-0.6557,-2.09904,9.3156,196.4465,2.2662205631720713
1.419,-0.5516,-2.15464,9.4221,196.4086,2.378491808821795
1.462,-0.2942,-2.20824,9.6137,196.3825,2.490720700056148
1.505,-0.4283,-1.53976,9.2126,196.3771,2.602753494651739
1.548,-0.4882,-1.7112,10.223,196.3826,2.714418829725367
1.591,-0.6893,-1.2908,10.32,196.4032,2.8256368495823274
1.634,-0.5708,-0.3944,10.3116,196.4381,2.9365080575454163
1.677,-0.8078,-1.1232,10.8024,196.4825,3.0469820133458088
1.72,-0.7096,-1.51296,10.0997,196.5351,3.156944425160156
1.763,-0.384,-1.00448,8.6045,196.5924,3.266396827365934
1.806,-0.5097,-0.79088,9.3216,196.6582,3.375378751344914
1.849,-0.8305,-2.32704,11.0825,196.7123,3.4836316628530573
1.892,-0.3098,-1.82232,9.9824,196.7717,3.5910301663295066
1.935,0.442,-0.45376,6.9932,196.8443,3.697733934789866
1.978,0.1882,-1.65184,10.0422,196.9053,3.803655020183029
2.021,0.2672,-1.21992,11.4979,196.9707,3.908795906017325
2.064,0.3833,-0.11288,9.8483,197.0377,4.013368113278329
2.107,0.3151,1.98352,9.002,197.0349,4.117954525402946
2.15,-0.0919,0.6284,12.0163,197.1021,4.222817684666953
2.193,-0.1685,0.88312,12.537,197.1697,4.328241211138168
2.236,-0.3696,1.71344,10.0781,197.2458,4.43463469066556
2.279,-0.1853,1.83984,8.4836,197.3124,4.542394546616083
2.322,-0.1566,0.6428,9.6867,197.3843,4.651653012081945
2.365,0.2026,0.10552,8.9277,197.4546,4.762432571735474
2.408,0.0386,-1.2008,9.8136,197.5173,4.874504367414856
2.451,0.0589,-0.80816,8.7757,197.5787,4.9877363010108935
2.494,0.357,0.09016,7.8958,197.6391,5.102181670752377
2.537,0.4623,-0.25264,9.215,197.6894,5.217823678088385
2.58,0.041,-0.92688,11.6667,197.7317,5.33451493986051
2.623,0.4181,0.72032,9.1731,197.7654,5.452436767288515
2.666,0.1703,0.63992,9.4533,197.7929,5.571734406858009
2.709,0.0553,0.1448,11.4285,197.8218,5.692444010781746
2.752,0.4671,0.50872,9.974,197.8485,5.814669374909644
2.795,0.2672,0.08064,9.7525,197.8719,5.938420966198583
2.838,0.5785,1.86672,8.8044,197.893,6.064046805111867
2.881,0.1846,0.45024,11.2824,197.9083,6.1915896895462295
2.924,-0.2954,-0.40496,13.211,197.9214,6.320924495320235
2.967,0.0781,1.204,8.5016,197.9197,6.452244742572661
3.01,0.0398,0.76536,8.2765,197.9085,6.585641606971033
3.053,0.2313,0.99232,9.5694,197.8868,6.721240557103451
3.096,0.1547,0.62168,9.567,197.8607,6.8590840086194405
3.139,-0.068,-0.09656,11.4572,197.8281,6.999073908274863
3.182,0.1128,1.54488,9.0929,197.7824,7.141432699492123
3.225,-0.0967,-0.06688,9.9991,197.7373,7.286055721822308
3.268,0.2409,0.78736,9.4748,197.6891,7.433010530777457
3.311,0.4767,1.75368,7.9066,197.6273,7.582540183787454
3.354,-0.305,0.8812,11.4572,197.5707,7.734698452554152
3.397,0.4216,-0.72576,13.7281,197.5211,7.889229682490826
3.44,0.2241,1.09,8.7709,197.4577,8.046246781511236
3.483,-0.3505,0.91952,7.3919,197.3902,8.205820035539926
3.526,-0.1709,-1.2716,11.1124,197.3219,8.367598718015076
3.569,0.4348,-0.28424,10.4588,197.2374,8.531452520645487
3.612,0.1224,-0.11952,7.0722,197.1436,8.697295720399147
3.655,-0.2451,-3.11232,10.6324,197.0445,8.864486672763878
3.698,0.9232,-3.40152,11.8942,196.9309,9.032389416934752
3.741,0.2612,-0.8704,6.1804,196.8057,9.200911608088225
3.784,0.1224,-1.54648,8.4285,196.6803,9.369842808257651
3.827,0.0733,-1.79648,10.8431,196.5664,9.53894664419652
3.87,0.6287,-1.81848,10.7102,196.4611,9.708003606597343
3.913,1.0872,-0.7076,9.5442,196.3633,9.87702317422805
3.956,0.4623,-1.04752,10.3056,196.2877,10.04595208353646
3.999,0.1379,-2.1048,11.2753,196.2417,10.214544251800508
4.042,0.43,-1.1452,9.8914,196.1988,10.382757928090859
4.085,0.1128,-0.58208,9.7346,196.1694,10.550663716933487
4.128,0.5007,0.09496,9.7908,196.1445,10.718450711064543
4.171,-0.1051,0.3248,11.2381,196.1378,10.886336257985635
4.214,0.0637,0.3344,11.043,196.1421,11.054516888568024
4.257,0.0182,0.76248,10.8658,196.155,11.223250752993735
4.3,0.205,-0.24408,9.4449,196.184,11.39257880202998
4.343,-0.0129,-0.06592,9.5047,196.213,11.562573123670504
4.386,0.448,1.17712,6.8795,196.2207,11.733530034457408
4.429,-0.0009,-0.51032,10.9568,196.2464,11.905400724575577
4.472,-0.0165,-0.63864,11.4967,196.2692,12.078117274036535
4.515,0.2971,0.162,7.8647,196.2782,12.251767365437045
4.558,0.2564,-0.6836,8.4549,196.2908,12.426270443468528
4.601,0.2277,-0.3676,10.5283,196.298,12.60161387453016
4.644,0.3187,-0.40976,8.4872,196.3012,12.777777513736654
4.687,0.2708,0.21184,9.7035,196.2934,12.954860940701304
4.73,0.3307,0.22424,11.62,196.2849,13.132955523264064
4.773,0.436,0.19648,11.1747,196.2763,13.31213721508529
4.816,0.2337,0.18304,10.1631,196.2671,13.492473531594797
4.859,0.4564,1.21256,8.17,196.2391,13.67421755108348
4.902,0.3426,-0.83496,10.5582,196.2362,13.85721136661926
4.945,0.3905,0.7136,8.4645,196.21,14.041604742359459
4.988,0.6299,-0.59552,10.3355,196.1964,14.227282943902706
5.031,0.436,0.55848,10.5726,196.162,14.414362298508431
5.074,0.7939,0.57096,9.1863,196.1152,14.602946311813977
5.117,0.5366,0.09496,10.2086,196.0626,14.793040623449105
5.16,0.0374,-0.21912,11.7134,196.0114,14.984595891489914
5.203,0.3343,1.04688,8.1831,195.9207,15.177803847880588
5.246,0.2971,-0.06592,9.6077,195.8397,15.372627349176163
5.289,0.4887,0.62552,9.2174,195.7325,15.569161576700656
5.332,0.667,0.86208,8.9337,195.6163,15.767535013431218
5.375,0.199,-0.50648,10.6204,195.5128,15.967609659693556
5.418,0.2756,0.55176,11.2238,195.3791,16.16946034078671
5.461,0.1834,0.16296,10.2206,195.2372,16.37308197618514
5.504,0.1319,0.85824,9.9141,195.0707,16.578601794977
5.547,-0.0033,0.5384,11.0394,194.9119,16.786075350477958
5.59,0.0326,-0.0736,11.6236,194.7524,16.995436788982378
5.633,-0.1829,-0.6664,10.9616,194.5943,17.206517201170882
5.676,0.3259,1.54296,6.7753,194.3955,17.419576366893047
5.719,0.5557,0.32096,7.0746,194.2194,17.634615040314642
5.762,0.4695,0.38896,11.231,194.0421,17.851647612976215
5.805,0.1475,-1.2276,11.8558,193.8815,18.07038525014283
5.848,0.1092,0.30376,8.3675,193.701,18.290857457072377
5.891,0.3426,0.81608,6.3276,193.5065,18.513185070462296
5.934,0.4276,-0.34648,10.1368,193.343,18.73725652842286
5.977,0.3283,0.3756,10.3619,193.1716,18.963108755216346
6.02,0.3558,0.29416,10.6348,193.0088,19.190759332541738
6.063,0.0218,-0.40112,12.3898,192.8656,19.420096332980005
6.106,0.3199,1.1312,10.5271,192.7133,19.651305152442657
6.149,0.0948,-1.23624,10.8168,192.6036,19.884108139626058
6.192,0.1272,0.9904,9.3479,192.478,20.118675351607852
6.235,0.2888,0.66192,5.3664,192.3535,20.355096165251833
6.278,0.0062,0.1496,11.5649,192.2588,20.593357253497423
6.321,0.5629,0.23192,10.4983,192.1685,20.83345639357843
6.364,0.5833,-0.38288,9.8902,192.0911,21.075275348816103
6.407,0.1092,0.4244,9.7142,192.0048,21.318864999809097
6.45,0.1738,-0.5888,10.7318,191.9358,21.56407922696288
6.493,0.3558,0.9224,7.4517,191.8411,21.81106989758601
6.536,0.0853,0.51344,9.5167,191.7556,22.059899292386653
6.579,-0.214,-0.4164,12.4113,191.6835,22.310451011578454
6.622,0.1379,-0.23736,10.1787,191.6092,22.562650459368353
6.665,0.5485,1.28536,7.3116,191.5105,22.81671373219834
6.708,0.4252,0.20128,9.7477,191.429,23.07263197475466
6.751,0.3977,-0.32352,12.385,191.3533,23.330298455202314
6.794,0.6263,0.41008,8.7805,191.2616,23.58975329148471
6.837,0.4372,-0.50744,9.6065,191.1853,23.85086135158615
6.88,0.4204,-0.04864,9.6161,191.103,24.113587816785508
6.923,0.4695,0.68776,8.3854,191.0035,24.378039892311975
6.966,0.0817,-0.26704,10.0853,190.9234,24.64413775220925
7.009,0.0302,0.27408,13.2026,190.8397,24.911912201175323
7.052,0.2828,-0.96328,11.3567,190.7727,25.181154847118062
7.095,0.3115,0.54792,9.4916,190.686,25.45196313278827
7.138,-0.074,-0.20192,9.5023,190.6176,25.724287034534886
7.181,0.1391,0.81896,9.7765,190.5433,25.998272110847456
7.224,0.0757,0.02216,8.4645,190.4864,26.27389956240378
7.267,0.1918,-0.0956,10.132,190.4416,26.55112908431695
7.31,0.3702,0.79888,8.6476,190.393,26.830091523848193
7.353,0.1224,-0.41736,8.9948,190.3711,27.11067746938621
7.396,0.1738,0.4656,9.5622,190.3461,27.392954629917995
7.439,0.3881,0.78448,8.5518,190.3207,27.677042076911285
7.482,0.2756,0.4024,8.9948,190.31,27.962975952486108
7.525,0.3666,0.22136,11.9672,190.3177,28.2507537462153
7.568,0.8119,0.83912,10.3331,190.3279,28.540485607646737
7.611,0.6766,-0.24408,12.3898,190.3577,28.832067545457715
7.654,-0.0752,-0.78128,12.7022,190.4107,29.125311720431892
7.697,-0.1769,1.0584,7.5678,190.4492,29.420397315660875
7.74,-1.447,-3.56816,11.3351,190.5215,29.716623934634985
7.783,-0.7563,-1.00824,11.3279,190.6297,30.013837824537234
7.826,0.017,-2.38256,6.1995,190.7263,30.31163380999632
7.869,0.6623,-0.41448,5.1509,190.8496,30.610012824537876
7.912,0.011,-2.64016,7.7462,190.9791,30.908561572586862
7.955,0.3091,-2.46776,12.1994,191.1402,31.206937870368613
7.998,1.0286,-2.23312,9.6556,191.3072,31.50487145197745
8.041,0.7616,-2.46296,9.8495,191.501,31.802078209036566
8.084,0.0853,-2.282,12.1288,191.7543,32.09834284304227
8.127,0.5042,-1.422,10.7665,192.0293,32.393630125492045
8.17,0.2086,-1.32144,11.0167,192.3042,32.68793005138766
8.213,-0.4223,-1.06192,12.5717,192.5986,32.98128833966502
8.256,-0.1997,0.13904,9.3336,192.8971,33.27397082855537
8.299,-0.1757,-0.5084,8.3376,193.2072,33.56609427888982
8.342,0.4372,2.49016,6.5503,193.5036,33.85832441722469
8.385,0.211,0.39088,9.6041,193.7742,34.15086607600752
8.428,0.3726,-0.29096,15.5621,194.0291,34.44377341278006
8.471,0.442,0.55848,10.806,194.2432,34.73725495520015
8.514,0.7125,0.42152,7.235,194.4112,35.031470116832004
8.557,0.0493,0.29128,9.5442,194.5533,35.3265437353224
8.6,0.351,1.09288,8.6859,194.6384,35.62273682990074
8.643,0.0589,-0.3408,8.0072,194.6939,35.92001621264676
8.686,-0.0799,0.52592,9.0247,194.6926,36.21851689569256
8.729,-0.0991,-0.04296,8.735,194.6785,36.51825312183438
8.772,0.6694,0.48184,8.4908,194.6163,36.81932999463196
8.815,0.515,-0.39344,12.1192,194.5339,37.12167822501525
8.858,0.7054,-0.69416,12.7046,194.4306,37.42517701274457
8.901,0.6778,-0.15112,10.6647,194.3056,37.7298204584659
8.944,0.1655,-0.09944,7.3045,194.1755,38.035617538214815
8.987,-0.4822,-0.3896,10.6851,194.0466,38.34252719762035
9.03,-0.2463,-0.05824,6.998,193.9147,38.65057294509868
9.073,0.2672,2.1952,5.6525,193.787,38.96019696418818
9.116,-0.0392,-1.27256,12.6519,193.6788,39.27114505419495
9.159,0.3247,-1.422,18.6673,193.587,39.58315704037115
9.202,0.6599,-0.21624,12.2676,193.497,39.89622356838391
9.245,0.3414,-0.45664,6.7514,193.4221,40.21029360373494
9.288,0.3522,-1.00064,9.16,193.3626,40.525218402833225
9.331,0.1535,1.22216,8.0527,193.2839,40.84128556561294
9.374,-0.0105,-0.97288,9.3862,193.2466,41.15834082042189
9.417,0.0194,0.82568,9.7094,193.2033,41.476584692084195
9.46,0.4085,-0.46528,8.48,193.1835,41.79595053705591
9.503,0.7161,0.28176,7.8647,193.1564,42.116516851879915
9.546,0.4959,0.0308,9.1193,193.136,42.43830880050844
9.589,0.752,0.298,10.059,193.1108,42.761397349852004
9.632,0.3654,-0.07552,10.6516,193.0898,43.08577914136592
9.675,0.0529,0.17448,11.31,193.0666,43.41150100691317
9.718,0.205,0.19456,10.5714,193.042,43.73860759844948
9.761,-0.0536,0.0892,9.64,193.0149,44.06712136677651
9.804,-0.7371,-0.63672,11.1567,192.9959,44.3969310948644
9.847,-0.4355,0.86208,8.237,192.9615,44.72821714085368
9.89,-0.1051,1.26144,5.443,192.9307,45.06121445771456
9.933,-0.2308,-2.168,12.6112,192.91,45.3954878575872
9.976,0.2397,0.10648,13.2253,192.878,45.731071305123095
10.019,0.7485,0.47904,5.6968,192.8274,46.068061555565954
10.062,0.6479,-0.46144,10.0758,192.7861,46.40636894548201
10.105,0.5916,0.16872,11.9684,192.7326,46.746032283873404
10.148,1.3542,-1.1596,12.1288,192.6852,47.08682943664827
10.191,0.7951,0.0136,10.7318,192.6225,47.42878669674038
10.234,0.3331,-0.4528,9.2186,192.6248,47.771843446939705
10.277,0.509,0.01928,7.6277,192.5614,48.11603287700694
10.32,0.7042,1.28056,7.3428,192.4686,48.46162152234746
10.363,0.7389,-0.06688,9.1767,192.4092,48.808594559986645
10.406,0.6934,-1.8616,13.5689,192.3937,49.15660011275387
10.449,-0.5708,-0.78128,13.0829,192.3683,49.50553567268737
10.492,-0.2655,0.026,9.4042,192.3423,49.85545892758737
10.535,0.5737,1.16856,4.1597,192.3258,50.20663088288182
10.578,0.6886,-2.1096,9.5825,192.3622,50.558666435731176
10.621,-0.3146,1.79392,10.7449,192.3411,50.91196419250994
10.664,0.1379,-1.59056,11.1077,192.3784,51.266240057573405
10.707,-0.1422,0.44264,8.6835,192.3979,51.6216245287977
10.75,-0.0057,0.31808,7.9377,192.4208,51.97821042368804
10.793,-0.1362,0.06144,11.4273,192.4529,52.33603378654213
10.836,0.0374,-0.8464,11.5039,192.4872,52.69495420606642
10.879,-0.2164,-0.76216,12.2856,192.5166,53.05486314577846
10.922,0.1978,0.99136,7.6133,192.5157,53.41599091534639
10.965,0.1631,-1.1692,12.0761,192.5293,53.778136972815076
11.008,-0.384,-0.10232,12.1336,192.5313,54.141326487681724
11.051,-0.0524,-0.53904,9.3503,192.5308,54.5054970578965
11.094,0.5402,2.08216,5.8356,192.5193,54.87108314662682
11.137,0.0218,-3.2004,11.4859,192.4983,55.237481902190545
11.18,-0.1673,1.54296,9.8076,192.4673,55.60504810971294
11.223,-0.0273,0.23864,6.4449,192.4333,55.97385363712259
11.266,0.2888,-1.68536,9.828,192.4116,56.34359737891692
11.309,0.199,1.49704,9.0247,192.3717,56.714610139194185
11.352,1.1638,0.38416,7.9521,192.324,57.08697230787126
11.395,0.4899,-1.49192,13.8131,192.2938,57.46040690863085
11.438,-0.7587,0.11224,14.5146,192.2538,57.83497687023596
11.481,-0.3828,-0.81576,10.794,192.2168,58.210560702982356
11.524,-0.0524,0.83432,6.0894,192.1625,58.587358298464224
11.567,0.2959,-0.1224,7.6492,192.1138,58.965366289352175
11.61,-0.214,-0.48728,11.6847,192.0633,59.344516440889095
11.653,-0.0859,-0.11096,9.7837,191.9991,59.72481747398236
11.696,-0.141,-0.6932,11.5769,191.9322,60.1061676413701
11.739,-0.1697,-0.5476,10.9449,191.8582,60.48850306763384
11.782,0.3905,-0.41832,8.7123,191.7847,60.87178663156867
11.825,0.8622,1.14552,6.2187,191.7021,61.256276950239325
11.868,0.4276,-2.12304,10.1883,191.6284,61.641592514196404
11.911,0.4109,1.83504,9.3958,191.5491,62.02813777288428
11.954,0.6886,-1.62696,8.4417,191.4834,62.415620782564496
11.997,0.2133,0.79024,10.1069,191.4068,62.804238825158464
12.04,-0.0105,-1.10976,10.9987,191.3448,63.193812143311625
12.083,-0.6127,-0.71904,14.833,191.2917,63.58425704579844
12.126,-0.7599,0.34688,10.642,191.2401,63.975700576483476
12.169,-0.0069,-0.05152,7.083,191.195,64.36817642670074
12.212,-0.615,-0.7468,9.895,191.1619,64.76158789707677
12.255,-0.2416,1.80632,8.1113,191.1366,65.15632758135924
12.298,0.2828,-1.4996,9.415,191.1173,65.55212059836802
12.341,-0.3265,-0.132,11.9624,191.1054,65.9489822271528
12.384,-0.299,-1.4756,11.4069,191.0917,66.34667221472003
12.427,-0.1242,-0.00656,10.1823,191.0837,66.74525060680368
12.47,0.4001,-0.98624,8.6129,191.0704,67.1445826757195
12.513,0.618,-0.05056,9.7334,191.06,67.54472238418036
12.556,0.6299,-0.40592,9.5562,191.0437,67.94565108885386
12.599,0.5437,0.0088,9.4928,191.021,68.34743096303495
12.642,0.2026,-1.11456,10.0997,191.0036,68.74990817317345
12.685,0.782,1.9356,8.3687,190.9844,69.15351634423394
12.728,0.3738,-3.27224,11.7361,190.9683,69.55766485392505
12.771,0.375,1.74792,8.911,190.9539,69.96277045524076
12.814,0.4899,-1.2324,7.0363,190.9492,70.36864441896672
12.857,0.0386,-0.08792,12.1264,190.9368,70.77533628643295
12.9,-0.3732,-0.76984,13.7353,190.9304,71.18276475210307
12.943,0.4959,0.1256,9.0474,190.919,71.59101962461585
12.986,0.3115,-1.1912,9.3743,190.9211,71.9999342929729
13.029,0.1224,1.40696,7.7354,190.9157,72.40985094873727
13.072,0.0362,-0.9144,9.7082,190.9149,72.82063966565504
13.115,0.2576,0.68488,9.4904,190.8936,73.23248404642555
13.158,0.4336,-0.7708,8.0862,190.8772,73.64527310197651
13.201,0.5677,1.05264,8.2143,190.8303,74.0592504421824
13.244,0.3438,-1.286,10.5103,190.8033,74.47419513127325
13.287,0.1966,-0.01424,11.5386,190.7608,74.89014961169329
13.33,0.1188,-0.4796,10.879,190.721,75.30706472682682
13.373,0.867,1.56696,7.4792,190.6755,75.72527752630867
13.416,0.5856,-2.05792,13.5545,190.6458,76.144408607313
13.459,-0.961,-0.3092,15.9188,190.6054,76.56445781883392
13.502,-0.3481,0.06432,9.2545,190.569,76.98549122841129
13.545,0.0458,-0.38096,7.3655,190.547,77.40748138578199
13.588,0.0589,0.592,6.6796,190.5236,77.83058728728504
13.631,0.1104,-0.43272,8.996,190.5149,78.25475809183693
13.674,0.503,0.67056,9.3012,190.5077,78.68015367415789
13.717,0.0326,-2.01768,10.6575,190.5282,79.10641343833454
13.76,0.0062,0.56616,9.7513,190.5406,79.53370112994764
13.803,0.2852,-1.4316,7.2219,190.5738,79.96178476067311
13.846,0.6994,1.59664,9.0929,190.6007,80.39102465240127
13.889,0.096,-2.13352,10.7892,190.6402,80.82104472960694
13.932,0.515,1.9404,9.4628,190.671,81.2522731340503
13.975,-0.0859,-2.65456,12.7956,190.7127,81.68423144548798
14.018,0.3714,1.42136,12.5202,190.731,82.1172558023817
14.061,-0.0596,-1.90176,11.0023,190.7701,82.5510240320807
14.104,0.8071,3.0236,6.1349,190.7995,82.9861704620003
14.147,0.5222,-1.76008,5.9458,190.8199,83.4223643522772
14.19,-0.0404,0.1524,14.5721,190.8439,83.85967329286993
14.233,-0.6581,-2.18432,12.713,190.8691,84.29772106694749
14.276,0.6072,1.83032,7.3727,190.8884,84.73691850779348
14.319,1.0322,-1.30232,5.6477,190.9075,85.17704059710807
14.362,0.6455,-0.33504,11.6739,190.9109,85.61807028020779
14.405,0.0924,-0.562,11.6188,190.9103,86.05995324617908
14.448,0.0829,-0.42216,8.6225,190.9049,86.50266709827183
14.491,-0.0285,0.70216,8.3603,190.8854,86.94640485323885
14.534,-0.0596,-0.69512,9.7873,190.8753,87.39107649097875
14.577,0.0996,0.53552,10.7581,190.8528,87.83683234074793
14.62,0.1056,-0.4528,10.5175,190.8303,88.28362095751112
14.663,-0.0356,-1.13944,15.0078,190.8063,88.73126732435915
14.706,-0.5312,-1.23624,11.5973,190.7754,89.17959912578243
14.749,-0.1817,0.79696,6.6341,190.7285,89.62884289182632
14.792,0.0541,1.25568,3.7287,190.6826,90.079287493592
14.835,0.1104,-2.59136,13.5462,190.6471,90.53046579521327
14.878,-0.8221,-0.5984,15.1443,190.6043,90.98234041441759
14.921,0.1846,0.92816,7.0615,190.5555,91.43515900220169
14.964,0.8909,-1.93056,6.5718,190.5113,91.88859945332324
15.007,0.1116,-0.0496,9.9297,190.4758,92.34273267891348
15.05,1.2931,1.70576,8.164,190.4515,92.79794578224643
15.093,0.8167,-2.2284,7.9784,190.4335,93.2538473228953
15.136,0.679,1.71056,10.1811,190.431,93.71083006150823
15.179,0.6802,-1.62504,9.646,190.442,94.16861736416766
15.222,0.7712,1.03832,9.7286,190.449,94.62746274501866
15.265,0.679,-1.1912,11.3842,190.4839,95.08717385426881
15.308,0.7437,-0.20192,12.3886,190.5146,95.54776401044461
15.351,0.4396,-0.44704,10.7761,190.5473,96.00920104449101
15.394,-0.0333,-1.0408,11.2286,190.5927,96.47134716934396
15.437,-0.159,0.00496,9.0415,190.63,96.93427680734146
15.48,0.4264,-0.05536,5.8117,190.6664,97.39804143424712
15.523,0.3426,1.06224,6.931,190.6812,97.86289909330293
15.566,0.7209,-0.72192,9.8555,190.7237,98.32874234325287
15.609,0.7868,-2.74744,15.3143,190.7827,98.79509140784056
15.652,-0.8736,-0.21816,13.2301,190.8141,99.26200389586648
15.695,-0.3026,-0.02088,8.9349,190.8329,99.72956490752172
15.738,0.3905,-0.47776,6.3468,190.8562,100.19775988126277
15.781,0.4552,-0.17224,8.5794,190.8699,100.66663298241907
15.824,0.679,1.13312,8.7099,190.8518,101.13646900648241
15.867,0.9328,-0.5716,10.144,190.8555,101.60720049070454
15.91,0.9567,-0.13776,9.895,190.8492,102.07884853659047
15.953,1.2429,-1.36936,11.0322,190.8619,102.55119752737366
15.996,0.4204,-2.26664,11.0095,190.8824,103.02388962974237
16.039,0.1846,-1.67,11.4452,190.8848,103.49671714064796
16.082,0.3546,-2.13928,9.0989,190.8936,103.96940330455207
16.125,0.0565,-1.35688,10.2314,190.8796,104.4418488971628
16.168,0.1068,-0.49304,8.7865,190.8475,104.91412745108326
16.211,0.1858,-2.5128,12.2186,190.8538,105.3859230412108
16.254,0.0242,0.36504,9.1696,190.8222,105.85749609074841
16.297,0.0182,0.39856,5.4741,190.7898,106.32908734277196
16.34,-0.1841,0.8448,6.4306,190.7619,106.80099912863167
16.383,0.6252,0.03464,9.9034,190.7644,107.27334499263216
16.426,0.2145,0.20704,10.5498,190.7688,107.74626249372307
16.469,1.0992,-2.15656,13.1391,190.8021,108.21942295174739
16.512,0.4875,-0.80144,13.6934,190.8171,108.6927907227977
16.555,-0.1099,-0.7028,8.6883,190.8275,109.16635638367944
16.598,0.3666,-1.46608,10.6252,190.8412,109.6399640455429
16.641,-0.0811,-1.47368,10.4361,190.8442,110.1134749653874
16.684,0.1104,-2.11248,8.9852,190.8524,110.5866422947312
16.727,0.0565,-4.0824,10.5127,190.8278,111.0588720591045
16.77,0.108,-2.00328,9.6855,190.8001,111.53002210766418
16.813,-0.0129,-2.67944,6.2498,190.7462,111.99983755108173
16.856,0.1212,-2.7896,10.1165,190.7158,112.46806727419998
16.899,0.2289,-0.71904,9.6687,190.6458,112.93487572910855
16.942,0.3402,-0.97568,8.9469,190.5753,113.40036170967508
16.985,-0.0728,-1.85104,10.7401,190.5081,113.86445146195724
17.028,0.7688,0.1352,10.2003,190.414,114.32744834661456
17.071,0.7999,-1.48712,9.913,190.3504,114.78931872739217
17.114,0.3414,-0.69032,10.5175,190.2789,115.25018587574937
17.157,0.4767,0.37656,5.6573,190.201,115.71036142721273
17.2,0.6275,-0.3408,7.3188,190.1663,116.16998937008742
17.243,-0.0931,-3.798,14.499,190.1837,116.62855080360906
17.286,-0.0488,-0.9824,15.3789,190.1815,117.08611034556311
17.329,-0.0165,-4.14376,9.7537,190.1995,117.5421286580089
17.372,-0.0608,-1.34536,9.5957,190.2551,117.99664929193501
17.415,0.5318,-0.11664,5.5268,190.2874,118.44993978756614
17.458,0.4204,-2.9792,11.48,190.3905,118.90170083990247
17.501,-0.6198,1.29976,7.1608,190.4748,119.35247809887866
17.544,-0.0141,-0.38384,2.8321,190.5719,119.8024406875711
17.587,0.6024,-1.02168,9.9872,190.678,120.25161640745792
17.63,-0.1254,0.58432,14.5589,190.7512,120.70033830751399
17.673,0.9699,-3.59784,15.2891,190.8687,121.14810909522882
17.716,0.0589,-4.14656,14.2896,190.9878,121.59438328185513
17.759,-0.4606,-1.32432,6.6688,191.0736,122.03920637038019
17.802,0.4839,0.63416,1.5045,191.147,122.48298340723068
17.845,1.1866,2.20664,3.8867,191.2051,122.92637167681548
17.888,0.7556,-2.31456,15.5872,191.2632,123.3691112617788
17.931,-0.0859,-0.1856,19.6669,191.2952,123.81137570636614
17.974,1.0166,-6.47472,13.4731,191.328,124.25212613936723
18.017,0.8346,-3.03472,14.7983,191.3748,124.69107867138139
18.06,-0.1159,0.85632,10.9652,191.3714,125.12871883054993
18.103,0.3498,-0.85024,2.5185,191.38,125.56515828784369
18.146,0.8562,-0.61656,3.0907,191.3902,126.00053861017798
18.189,0.6323,-0.08128,8.3878,191.3834,126.43508974694268
18.232,1.1818,-1.43064,9.2007,191.3822,126.86876039598657
18.275,0.9484,-1.84912,8.5662,191.3827,127.30142679672404
18.318,1.3326,-1.19024,9.9381,191.3591,127.73309978373506
18.361,0.8514,-2.46872,11.298,191.3591,128.16355053287901
18.404,0.9579,0.4656,8.5183,191.2909,128.59312692502218
18.447,0.9603,-2.57408,11.1196,191.3145,129.0215677851313
18.49,0.0039,-0.70944,13.8801,191.3103,129.4489961177616
18.533,0.2433,-0.88088,10.4085,191.3336,129.87548879594644
18.576,0.2864,-1.53216,8.231,191.3899,130.3009916954271
18.619,0.5042,-0.7296,8.6596,191.4369,130.7256064656197
18.662,0.0613,-2.23888,12.3024,191.5258,131.1491420334476
18.705,0.4204,0.16008,8.5159,191.5716,131.57187759201014
18.748,0.3953,-3.23392,8.4824,191.6485,131.9934232928595
18.791,-0.2416,-1.00352,13.3259,191.7238,132.41385337676033
18.834,0.2983,-0.55912,8.8571,191.7826,132.8333154757448
18.877,0.5437,-2.84416,12.0953,191.873,133.2515093047948
18.92,-0.2344,-1.1644,14.2093,191.9166,133.6684864386151
18.963,0.3833,0.16776,8.6512,191.9307,134.08454146187154
19.006,0.4995,-1.35016,5.3676,191.9814,134.49965205047275
19.049,0.3426,-1.02648,9.2354,192.0002,134.91386017479041
19.092,-0.0069,0.42344,8.4046,191.9676,135.3274795265349
19.135,0.782,-0.66256,7.4206,191.9587,135.74058283537866
19.178,0.5174,0.14672,8.2035,191.9152,136.15338999218733
19.221,-0.0153,-3.85352,15.7704,191.9267,136.56534596989133
19.264,0.4671,0.5968,10.1643,191.8606,136.9767894998813
19.307,1.0262,-3.5844,7.6121,191.8293,137.38723237420191
19.35,0.3402,-0.67784,8.7027,191.7984,137.7967881960101
19.393,0.4683,-0.52464,10.1428,191.7703,138.20558748103323
19.436,0.4468,-1.27832,8.4992,191.7728,138.6136054160776
19.479,0.9615,-0.33216,9.0103,191.7718,139.02099576172742
19.522,0.4408,-1.90176,9.482,191.8146,139.42760312524285
19.565,0.9005,0.2396,11.2824,191.8339,139.83368991488027
19.608,0.5521,-4.0432,13.9376,191.9492,140.23868488723502
19.651,0.3366,-0.57064,12.0857,192.0332,140.64273125065426
19.694,0.3654,-0.07648,5.3029,192.1125,141.04605113307247
19.737,0.2995,-4.50096,12.0953,192.2466,141.4480087125227
19.78,-0.1518,1.7144,10.8108,192.4052,141.84920851862452
19.823,-0.0835,-0.7612,4.7582,192.5905,142.24972642086098
19.866,0.4252,-2.03776,10.2541,192.8008,142.6493868936555
19.909,-0.5277,-0.1368,11.7086,192.9607,143.04839590318133
19.952,0.1942,-1.80504,8.9972,193.1464,143.44661992642418
19.995,-0.0368,-0.97472,9.7011,193.2977,143.84409681064886
20.038,-0.3277,-2.1632,13.0853,193.4322,144.24063738727546
20.081,-0.2607,-0.856,12.7908,193.5341,144.63631802934128
20.124,-0.1853,-0.55528,7.7091,193.6021,145.03126387749197
20.167,0.0853,-1.2228,8.17,193.6476,145.42546008458078
20.21,-0.0787,0.44072,9.7645,193.638,145.8192084086867
20.253,0.3091,-3.23776,12.446,193.6387,146.212083443299
20.296,0.3259,-0.1224,10.6109,193.5797,146.60429099207985
20.339,0.2098,-0.80336,4.9953,193.4861,146.99588814109558
20.382,0.8227,-0.84352,7.1405,193.3513,147.38691588924775
20.425,0.1762,-1.61832,9.7442,193.1822,147.7772677107166
20.468,0.7688,-0.5036,10.5726,192.9889,148.16705572624213
20.511,0.4815,-1.01304,8.0443,192.7754,148.5562859165989
20.554,0.4492,-1.62024,12.6783,192.5517,148.94484908474993
20.597,0.2828,-0.06592,10.0075,192.3038,149.33294144931227
20.64,0.8849,-0.54568,6.6473,192.0764,149.72064631969243
20.683,0.1511,-2.10768,11.9744,191.893,150.10774673286227
20.726,-0.0512,0.1812,10.3726,191.6991,150.49448084133846
20.769,0.3774,-2.96768,11.5159,191.6016,150.88046601830501
20.812,0.1774,1.8284,6.1588,191.6042,151.26626515914867
20.855,0.7113,-2.88632,5.7399,191.5408,151.65149159399957
20.898,0.5904,0.44168,12.5166,191.5108,152.03642683416592
20.941,0.175,-2.09808,13.5198,191.5517,152.4208460107153
20.984,0.4683,-1.3856,11.286,191.6198,152.80468017596166
21.027,0.1619,-1.14136,11.1065,191.6962,153.18791470705636
21.07,0.1631,-0.48152,10.9975,191.781,153.57066112905554
21.113,0.3366,-0.79568,8.2562,191.8809,153.95295973396404
21.156,0.2265,0.4148,7.5391,191.9529,154.3350760050056
21.199,0.6,1.2212,6.9358,192.038,154.717399811898
21.242,0.0673,-2.77808,12.5502,192.1268,155.09952831844905
21.285,0.3522,-1.00256,14.3793,192.17,155.48143340555444
21.328,0.3067,0.524,6.585,192.1632,155.8633784671399
21.371,0.9879,-1.3272,5.4298,192.1853,156.24524810592732
21.414,-0.1422,-2.02728,13.4911,192.1903,156.62681050082116
21.457,0.4061,0.7692,9.9979,192.1281,157.00838344006814
21.5,0.8706,-4.75568,12.221,192.0836,157.38920703741428
21.543,0.047,-1.78016,15.8266,192.0397,157.7691628574586
21.586,0.0458,-2.54632,9.1061,192.0141,158.14799947443777
21.629,0.855,-2.43232,5.0264,191.9582,158.52550920827252
21.672,0.4923,-1.43544,6.1744,191.9283,158.90169492686772
21.715,0.3187,-2.30016,10.0901,191.9068,159.2763964170652
21.758,0.5533,-1.78016,9.0893,191.9237,159.64956695286304
21.801,0.339,-4.01344,9.8423,191.8893,160.02074315780226
21.844,-0.0249,-2.12208,9.913,191.8823,160.38986671433435
21.887,0.6144,-0.96808,6.433,191.8721,160.7571010421817
21.93,0.2277,-2.61432,10.4145,191.8957,161.1222834120283
21.973,-0.1206,-2.03968,13.6491,191.9039,161.48537712114233
22.016,0.0374,-2.44672,11.717,191.9343,161.846271628748
22.059,0.2672,-0.1052,6.7478,191.9423,162.2053092357329
22.102,0.3426,-0.35128,6.1169,191.9687,162.56275126432556
22.145,-0.451,-2.57024,13.5641,192.0243,162.91841602787963
22.188,-0.5791,-1.10312,13.023,192.0627,163.27241760839658
22.231,0.2624,-1.98512,8.7542,192.1194,163.6246892546586
22.274,0.1798,-2.7752,10.4121,192.1781,163.97502181475411
22.317,0.3534,-2.3596,11.1256,192.2276,164.32330507135444
22.36,0.2205,-3.06344,8.9996,192.289,164.6693072083126
22.403,0.205,-1.73608,9.1923,192.3319,165.01307052092463
22.446,0.5282,-2.08376,8.073,192.3805,165.3545664097611
22.489,-0.0105,-2.41512,9.397,192.4287,165.69370810019115
22.532,-0.3469,-1.92768,9.5562,192.468,166.03051055604007
22.575,0.2576,-1.26688,6.2797,192.5028,166.36511036204755
22.618,0.4456,-2.30784,8.9996,192.5452,166.69743316816454
22.661,-0.2858,-3.31824,13.8083,192.5817,167.0272231252019
22.704,0.8813,-2.04256,13.3486,192.6033,167.35448784007656
22.747,0.8466,-2.90544,10.3607,192.6356,167.6790712367253
22.79,0.7532,-1.13088,8.6823,192.6407,168.00116859200065
22.833,0.8239,-2.11152,9.0199,192.6549,168.32077017460287
22.876,0.4013,-2.236,10.8048,192.6535,168.63784486653765
22.919,-0.1075,-2.57408,11.7637,192.6507,168.95230208020362
22.962,0.2289,-0.95176,5.8859,192.622,169.26436603306396
23.005,0.6742,-3.3048,6.8903,192.5903,169.57379263329472
23.048,-0.3361,-3.17552,13.345,192.5635,169.88038917977929
23.091,0.1798,-1.69112,9.1648,192.5242,170.1842614861141
23.134,0.8753,-2.86904,6.19,192.4889,170.48528045212342
23.177,0.2098,-2.5128,11.1986,192.4673,170.78339888061433
23.22,0.1786,-2.41512,13.3115,192.4472,171.07859282253133
23.263,0.5557,-2.6392,11.3052,192.4432,171.37079748693228
23.306,0.2313,-2.34616,12.7022,192.4419,171.66001072715713
23.349,0.1164,-1.26208,8.3388,192.4465,171.94643577919604
23.392,0.594,-1.85968,8.3591,192.4738,172.2301415242655
23.435,0.1738,-1.55416,10.1703,192.4941,172.51124866231834
23.478,0.1403,-2.61912,12.3227,192.5223,172.78966458097904
23.521,0.2612,-1.50816,9.1528,192.5424,173.06551565627927
23.564,0.667,-1.49384,4.7487,192.5772,173.33891749425425
23.607,0.9951,-1.62888,6.6999,192.5981,173.60994800058168
23.65,0.3271,-2.89968,11.5733,192.615,173.8784385126295
23.693,0.8598,-1.98128,11.5781,192.6067,174.14440979208197
23.736,0.9986,-2.59608,9.33,192.6133,174.40776412210303
23.779,0.7089,-2.89968,12.9332,192.6052,174.6683568170498
23.822,0.4803,-2.4352,11.9013,192.5871,174.92614594273272
23.865,0.6587,-2.30976,9.9189,192.5762,175.18111717094473
23.908,0.6347,-1.19696,7.6265,192.5465,175.43346805202964
23.951,0.5617,-2.23696,8.4405,192.546,175.68317997202274
23.994,0.0853,-2.554,11.8427,192.538,175.93017710571038
24.037,0.0254,-2.4592,8.5662,192.5441,176.17440919968178
24.08,0.5282,-2.75224,5.8308,192.5359,176.4157747698284
24.123,0.2062,-2.47832,8.9385,192.5465,176.654234810868
24.166,-0.0117,-3.2588,12.13,192.555,176.88960701231042
24.209,0.4887,-2.23696,11.972,192.5478,177.1219196463201
24.252,0.5809,-2.04064,9.5371,192.546,177.35123516527014
24.295,0.3654,-1.98128,9.4209,192.5432,177.57762135584895
24.338,0.284,-2.01192,9.9417,192.5371,177.8011335626773
24.381,0.4528,-2.59896,10.903,192.537,178.02171039937173
24.424,0.6263,-1.942,10.2829,192.525,178.23942060353951
24.467,0.8718,-1.36456,8.5064,192.4998,178.45443493649174
24.51,0.4671,-2.94952,11.3255,192.4881,178.6666080734249
24.553,0.266,-1.31664,12.3455,192.4321,178.87611815884432
24.596,0.5868,-0.86272,6.8508,192.4094,179.0832109571838
24.639,0.7281,-2.30112,6.1385,192.3891,179.2878356477371
24.682,0.0793,-1.74664,9.1384,192.3118,179.49005207439717
24.725,-0.1422,-3.3316,10.077,192.247,179.68961467954827
24.768,0.1116,-4.2816,12.4592,192.1719,179.88612255858993
24.811,0.8502,-3.13624,10.2841,192.0806,180.079430688885
24.854,1.3386,-2.51952,8.0143,191.9849,180.2695247955549
24.897,0.9172,-2.01384,8.9086,191.8715,180.456488164852
24.94,0.4181,-2.48504,12.8399,191.7599,180.6403071943755
24.983,0.3331,-2.97344,15.179,191.6643,180.82087740564887
25.026,0.6096,-1.648,9.579,191.5743,180.99835513442451
25.069,0.7532,-2.13256,4.5751,191.5149,181.1727894495665
25.112,-0.3122,-4.66088,11.9337,191.5222,181.34374731532554
25.155,-0.4223,-1.9612,12.701,191.4898,181.51134928411582
25.198,0.7592,-2.32888,6.7538,191.5056,181.67563360465383
25.241,0.7532,-3.09984,7.2662,191.5628,181.8364890587765
25.284,0.272,-2.40072,12.0198,191.5891,181.9939480044464
25.327,0.5581,-1.57232,10.1799,191.6193,182.1481960543268
25.37,0.6263,-1.65568,8.4429,191.668,182.2993845360096
25.413,-0.0021,-2.05312,11.8032,191.7238,182.44757475692666
25.456,-0.4032,-1.56376,12.4245,191.7719,182.59291443820925
25.499,0.2098,-2.29728,9.4533,191.8419,182.73539762983427
25.542,0.0685,-1.806,7.6804,191.9089,182.87511185677022
25.585,0.7305,-3.31248,9.1013,191.9926,183.01185102792985
25.628,-0.5696,-2.0512,10.1883,192.0302,183.14566821838787
25.671,-0.2978,-1.69304,9.0079,192.0454,183.27667874754505
25.714,-0.4295,-3.66776,11.4153,192.0598,183.4046129978597
25.757,-0.1111,-2.89392,12.5023,192.0433,183.5293745120249
25.8,0.26,-3.00024,10.156,192.0034,183.65085638541527
25.843,0.6455,-1.94968,6.931,191.9268,183.769161096811
25.886,-0.0452,-1.57904,10.2182,191.8401,183.88445084098836
25.929,0.1224,-1.44976,10.8455,191.7447,183.99689603739822
25.972,0.0134,-1.79648,9.7082,191.6423,184.10658446617495
26.015,-0.5731,-1.79648,9.555,191.5139,184.21359485014148
26.058,-0.2152,-0.90864,9.3324,191.3652,184.3181658952828
26.101,-0.3696,-1.66144,10.1667,191.2121,184.4203699797922
26.144,-0.5265,-1.54264,10.5055,191.0583,184.5202945158195
26.187,-0.4139,-1.84432,10.8431,190.9024,184.6179610918482
26.23,-0.214,-2.97344,10.4421,190.7445,184.71317572767202
26.273,-0.4403,-2.46104,9.8411,190.5765,184.80586048809653
26.316,-0.6522,-2.18144,9.974,190.4149,184.8959978344193
26.359,-0.4498,-2.89584,10.5187,190.2473,184.98343696808962
26.402,-0.5528,-2.96192,9.6149,190.0707,185.06802950883105
26.445,-1.0221,-2.98872,8.9265,189.8852,185.14963634418993
26.488,-0.9849,-2.48696,9.1312,189.7073,185.22822699043223
26.531,-0.7,-2.17184,8.9481,189.5376,185.30383370127672
26.574,-0.4917,-1.55608,9.3204,189.3901,185.3766020135321
26.617,-0.1769,-1.62984,9.9405,189.267,185.44664922836213
26.66,0.0003,-2.02344,10.2254,189.1642,185.51400668713757
26.703,-0.1446,-1.57232,10.0494,189.0868,185.57878772543145
26.746,-0.5696,-1.61832,10.2553,189.047,185.64108516041915
26.789,-0.2823,-0.85408,10.1536,189.0596,185.70112725817143
26.832,0.0074,-0.0008,9.9381,189.1286,185.75928107054102
26.875,0.1511,-0.64528,10.1356,189.2061,185.81575529721806
26.918,0.3199,-0.50168,9.6556,189.3155,185.8707651428858
26.961,0.0529,-0.34648,9.7047,189.451,185.92453332502367
27.004,-0.2727,-0.71616,10.1464,189.6038,185.9771899867213
27.047,-0.378,-2.04352,10.1931,189.7531,186.02860117075275
27.09,-0.5839,-2.03872,9.828,189.8933,186.07864690284876
27.133,-0.3445,-1.88744,9.7777,190.0312,186.12724807333336
27.176,0.096,-1.09352,9.6149,190.1785,186.1744841441928
27.219,0.0805,-0.00272,9.1384,190.3323,186.22063281355798
27.262,-0.1254,0.20992,9.5502,190.4776,186.26598391280712
27.305,0.0086,0.38992,9.6699,190.6109,186.31083249861004
27.348,-0.3732,1.13312,9.3371,190.7179,186.35558403770202
27.391,-0.9909,1.04208,10.0817,190.8251,186.40058527396462
